Name,Given Name,Additional Name,Family Name,Yomi Name,Given Name Yomi,Additional Name Yomi,Family Name Yomi,Name Prefix,Name Suffix,Initials,Nickname,Short Name,Maiden Name,Birthday,Gender,Location,Billing Information,Directory Server,Mileage,Occupation,Hobby,Sensitivity,Priority,Subject,Notes,Language,Photo,Group Membership,E-mail 1 - Type,E-mail 1 - Value,Organization 1 - Type,Organization 1 - Name,Organization 1 - Yomi Name,Organization 1 - Title,Organization 1 - Department,Organization 1 - Symbol,Organization 1 - Location,Organization 1 - Job Description
Adrián Durán Perdigones,Adrián  ,,Durán Perdigones,,,,,,,,,,,,,,,,,,,,,,,,,CANSAT ::: * myContacts,* ,adurper062@seritium.es,,,,,,,,
Alejandro Chacón Pérez,Alejandro,,Chacón Pérez,,,,,,,,,,,,,,,,,,,,,,,,,CANSAT ::: * myContacts,* ,achaper433@seritium.es,,,,,,,,
Antonio Jesús Suárez Gómez,Antonio Jesús,,Suárez Gómez,,,,,,,,,,,,,,,,,,,,,,,,,CANSAT ::: * myContacts,* ,asuagom405@seritium.es,,,,,,,,
David García Vázquez,David,,García Vázquez,,,,,,,,,,,,,,,,,,,,,,,,,CANSAT ::: TECNOLOGIA ::: * myContacts,* Work,david.garcia@seritium.es,,,,,TECNOLOGIA,,,
Iker Espinosa Algeciras,Iker,,Espinosa Algeciras,,,,,,,,,,,,,,,,,,,,,,,,,CANSAT ::: * myContacts,* Work, iespalg2608@seritium.es,,,,,,,,
